Name,RefusePercentage,Water,Energy,Protein,Fat,Ash,Fiber,Carbohydrate,Sodium,Potassium,Calcium,Phosphorus,Magnesium,Iron,Zinc,Copper,VitaminA,VitaminC,Thiamin,Riboflavin,Category
Barley Grains,0,8.8,335.0,10.7,1.5,2.9,6.9,69.6,55.0,299.0,104.0,184.0,26.0,4.63,2.25,0.41,,0.0,0.3,0.11,Grains
Corn Grains (White),0,10.7,364.0,10.2,4.0,1.3,1.9,71.9,8.0,125.0,27.0,254.0,25.0,2.42,1.7,0.21,,0.0,0.37,0.12,Grains
Corn Grains (Yellow),0,10.1,368.0,12.7,5.5,1.8,2.9,67.0,10.0,161.0,26.0,239.0,30.0,2.6,1.5,0.19,120.0,0.0,0.39,0.11,Grains
Corn Flakes,0,5.0,373.0,6.2,2.1,2.4,2.9,82.3,464.0,139.0,15.0,44.0,11.0,1.4,1.0,0.23,0.0,0.0,0.5,0.09,Grains
Corn Flour,0,11.1,359.0,8.9,2.5,1.3,1.0,75.2,6.0,95.0,22.0,183.0,20.0,2.3,1.05,0.19,0.0,0.0,0.0,0.0,Grains
"Corn Kernels, Canned",0,74.5,100.0,2.8,0.9,0.9,0.5,20.1,301.0,82.0,5.0,65.0,,0.65,0.5,0.05,25.0,7.0,0.03,0.04,Vegetables
"Corn Kernels on Cob, Grilled",39,56.9,161.0,4.0,1.0,1.0,3.0,34.1,4.0,69.0,7.0,,,1.02,1.2,0.14,,8.0,,,Vegetables
Popcorn,0,1.8,541.0,9.1,16.7,3.9,2.5,66.0,706.0,158.0,20.0,293.0,,1.8,1.5,,,0.0,,,Snacks
Puffed Corn,0,2.7,503.0,7.8,25.7,2.2,1.5,60.1,687.0,190.0,32.0,231.0,,2.0,1.3,,30.0,0.0,,,Snacks
Corn Starch,0,5.0,380.0,0.2,0.1,0.2,0.0,94.5,5.0,7.0,0.0,30.0,0.0,0.0,0.0,0.0,0.0,0.0,0.0,0.0,Grains
Macaroni,0,9.9,361.0,12.0,1.1,0.8,0.4,75.8,10.0,176.0,35.0,128.0,22.0,1.4,1.65,0.16,0.0,0.0,0.17,0.05,Grains
"Macaroni with Tomato, Cooked",0,59.3,169.0,5.0,3.0,1.5,3.7,30.5,288.0,95.0,15.0,66.0,,0.7,0.56,,,,,,Grains
"Macaroni with Tomato and Meat, Cooked",0,61.0,175.0,6.8,5.6,1.6,0.6,24.4,342.0,184.0,30.0,130.0,,1.1,1.05,,,,,,Grains
Fried Noodles,0,52.0,218.0,5.1,6.0,0.6,0.3,36.0,250.0,88.0,18.0,42.0,,0.6,0.7,,,,,,Grains
Rice Grains (Long),0,11.2,357.0,8.7,0.8,0.3,0.3,78.7,13.0,108.0,22.0,108.0,15.0,0.77,1.3,0.23,0.0,0.0,0.09,0.04,Grains
Rice Grains (Short),0,12.5,351.0,7.3,0.7,0.4,0.3,78.8,11.0,93.0,30.0,98.0,23.0,0.69,1.05,0.31,0.0,0.0,0.1,0.03,Grains
Rice Flour,0,11.6,354.0,7.3,0.5,0.3,0.3,80.0,13.0,80.0,18.0,106.0,10.0,0.8,0.76,0.2,0.0,0.0,,,Grains
Fried Rice,0,49.8,214.0,3.6,3.9,1.3,0.3,41.1,278.0,67.0,7.0,43.0,,0.25,0.43,,,,,,Grains
Fried Rice with Noodles,0,49.4,219.0,3.5,4.5,1.2,0.3,41.1,299.0,75.0,18.0,52.0,,0.7,0.45,,,,,,Grains
Fried Rice with Onions,0,53.7,203.0,3.1,4.6,0.8,0.6,37.2,283.0,42.0,15.0,62.0,,1.0,0.8,,,,,,Grains
Rice (Koshari),0,61.0,172.0,6.5,5.2,1.5,1.1,24.7,324.0,228.0,10.0,32.0,,1.4,1.3,0.2,,,,,Grains
"Rice (Koshari), Market",0,63.0,157.0,4.5,3.7,1.6,0.9,26.3,401.0,185.0,8.0,27.0,,0.82,1.11,0.12,,,,,Grains
Rice Pudding with Milk,0,70.0,129.0,3.3,2.6,0.5,0.5,23.1,25.0,125.0,58.0,,,0.05,,,,,,,Sweets & Desserts
Puffed/Crisp Rice,0,5.0,379.0,9.0,0.7,0.8,0.3,84.2,115.0,141.0,14.0,105.0,13.0,1.01,0.98,0.23,,,,,Snacks
Semolina,0,11.0,360.0,12.0,1.8,0.8,0.4,74.0,5.0,208.0,26.0,114.0,10.0,2.02,1.9,0.15,0.0,0.0,0.2,0.1,Grains
Sorghum Grains,0,8.9,366.0,10.9,3.6,1.8,2.2,72.6,10.0,131.0,40.0,250.0,23.0,4.4,3.06,0.41,,0.0,0.21,0.1,Grains
Wheat Bran,0,10.2,313.0,14.4,3.9,6.5,10.0,55.0,60.0,1251.0,91.0,997.0,,10.5,8.0,0.95,0.0,0.0,0.75,0.3,Grains
Wheat Grains,0,12.1,344.0,12.0,1.6,1.6,2.4,70.3,10.0,315.0,35.0,412.0,88.0,3.1,2.9,0.33,0.0,0.0,0.61,0.12,Grains
"Wheat Grains (Bolila, Canned)",0,75.9,95.0,2.4,0.6,0.5,0.6,20.0,22.0,79.0,15.0,,12.0,0.87,0.48,0.05,0.0,0.0,,,Grains
Wheat Flour (Brown),0,12.1,350.0,11.8,1.3,1.0,1.1,72.7,8.0,265.0,28.0,118.0,27.0,2.6,1.82,0.3,0.0,0.0,0.5,0.11,Grains
Wheat Flour (White),0,11.8,354.0,10.0,1.0,0.5,0.4,76.3,6.0,120.0,18.0,92.0,22.0,0.85,1.59,0.13,0.0,0.0,0.11,0.05,Grains
"Wheat Koskos, Plain",0,47.0,213.0,5.8,0.7,0.4,0.3,45.8,4.0,62.0,17.0,,,0.41,0.6,0.05,,,,,Grains
"Wheat Koskos, Sweet",0,40.6,283.0,5.8,9.8,0.4,0.5,42.9,7.0,65.0,15.0,92.0,,0.4,0.58,0.06,,,,,Grains
Parboiled Wheat (Burghul),0,11.8,352.0,12.5,1.8,1.5,1.0,71.4,37.0,350.0,43.0,405.0,66.0,3.2,4.2,0.31,,0.0,0.35,0.14,Grains
Rubbed Wheat (Fereek),0,10.8,351.0,11.6,1.7,1.4,2.1,72.4,22.0,300.0,41.0,320.0,56.0,3.0,3.5,0.3,,0.0,0.57,0.12,Grains
"Rubbed Wheat, Cooked",0,53.5,199.0,5.3,4.0,0.8,1.0,35.4,309.0,115.0,15.0,120.0,,1.4,16.0,,,,,,Grains
"Rubbed Wheat with Meat, Cooked",0,53.0,213.0,7.8,6.4,1.2,0.6,31.0,354.0,154.0,35.0,188.0,,2.07,1.87,,,,,,Grains
Chocolate Coated Biscuit,0,2.7,517.0,10.5,27.5,1.5,1.0,56.8,200.0,235.0,110.0,,,1.95,0.78,,,0.0,0.04,0.13,Bakery
Cream Filled Biscuit,0,2.6,509.0,7.3,25.0,0.9,0.6,63.6,130.0,135.0,62.0,168.0,,1.6,0.5,,,0.0,0.14,0.15,Bakery
Date Filled Biscuit,0,4.5,453.0,6.4,15.8,1.1,1.0,71.2,167.0,246.0,85.0,,8.0,2.85,0.53,0.15,,0.0,0.2,0.18,Bakery
Digestive Biscuit,0,3.0,468.0,7.5,20.0,1.9,3.0,64.6,500.0,200.0,78.0,,32.0,3.2,0.7,0.2,0.0,0.0,0.15,0.09,Bakery
Nice Biscuit,0,3.1,454.0,9.8,15.0,1.2,0.5,70.0,162.0,137.0,120.0,155.0,,1.86,0.77,,0.0,0.0,0.1,0.03,Bakery
Plain Biscuit,0,3.5,438.0,9.6,11.8,1.0,0.8,73.3,129.0,140.0,109.0,173.0,,2.0,0.7,,0.0,0.0,0.08,0.05,Bakery
Plain Biscuit (Iron-Fortified),0,3.3,440.0,9.4,12.0,1.0,0.8,73.5,127.0,135.0,114.0,182.0,,4.6,0.8,0.22,,0.0,0.07,0.03,Bakery
Salted Biscuit,0,3.9,438.0,10.1,13.7,3.4,0.3,68.6,869.0,123.0,25.0,123.0,,1.41,1.0,,,0.0,,,Bakery
Salted Biscuit (Pretzel),0,2.0,398.0,9.8,3.0,2.0,0.3,82.9,765.0,138.0,27.0,123.0,,1.5,1.1,,0.0,0.0,,,Snacks
Chocolate Coated Wafer Biscuit,0,1.9,535.0,6.4,29.8,0.9,0.6,60.4,180.0,160.0,103.0,,,2.1,0.6,,,0.0,0.1,0.12,Bakery
Cream Filled Wafer Biscuit,0,2.0,515.0,6.3,25.4,0.5,0.6,65.2,93.0,150.0,45.0,83.0,,1.5,0.51,0.16,,0.0,0.09,0.08,Bakery
Baladi Bread,0,35.3,254.0,8.8,1.0,1.1,1.3,52.5,338.0,236.0,42.0,134.0,14.0,2.89,1.75,0.14,0.0,0.0,0.29,0.1,Bakery
Baladi Bread (Wheat/Corn),0,35.1,256.0,9.0,1.3,1.2,1.4,52.0,369.0,208.0,47.0,197.0,13.0,3.0,2.0,0.19,0.0,,0.31,0.12,Bakery
Dry Bran Bread (Sin),0,2.0,369.0,12.3,2.1,2.1,3.3,75.2,449.0,430.0,42.0,,,4.5,2.9,0.4,,,,,Bakery
Buns with Sesame,0,32.8,273.0,12.5,3.0,1.6,1.1,49.0,330.0,,60.0,,,2.1,0.85,0.52,,,,,Bakery
Corn/Wheat Bread (1:1),0,12.0,355.0,9.9,2.5,1.3,1.1,73.2,452.0,,53.0,,,2.4,,,0.0,0.0,0.29,0.12,Bakery
Corn/Wheat Bread (1:2),0,10.0,360.0,10.1,2.8,1.5,1.9,73.7,483.0,234.0,65.0,147.0,19.0,3.2,1.8,0.18,0.0,0.0,0.28,0.12,Bakery
Corn/Wheat Bread (2:1),0,12.5,351.0,9.8,2.9,1.5,2.0,71.3,474.0,,55.0,,,2.5,,,,0.0,0.28,0.11,Bakery
Bread Crumb,0,9.7,356.0,10.3,2.0,1.8,2.0,74.2,501.0,200.0,76.0,115.0,15.0,2.0,1.53,0.38,0.0,0.0,0.2,0.12,Bakery
French Bread,0,28.8,285.0,8.7,1.0,0.9,0.3,60.3,296.0,125.0,14.0,94.0,18.0,0.7,1.1,0.12,0.0,0.0,0.1,0.05,Bakery
Lebanese Bread,0,22.0,311.0,9.2,0.7,0.9,0.3,66.9,307.0,104.0,15.0,85.0,17.0,0.72,1.2,0.1,0.0,0.0,0.11,0.05,Bakery
Lebanese Bread (Brown),0,25.8,293.0,9.4,2.1,1.1,2.5,59.1,336.0,186.0,27.0,,,3.94,2.0,0.44,0.0,0.0,,,Bakery
Shami Bread,0,27.2,292.0,8.6,0.9,0.8,0.2,62.3,350.0,120.0,16.0,82.0,16.0,0.7,1.0,0.1,0.0,0.0,0.1,0.05,Bakery
Shamsy Bread,0,35.0,259.0,9.2,1.1,1.0,0.6,53.1,375.0,175.0,44.0,120.0,14.0,2.1,1.9,0.1,0.0,0.0,0.27,0.11,Bakery
Sliced Bread (Brown Toast),0,34.5,257.0,8.9,1.9,1.2,2.4,51.1,405.0,201.0,49.0,185.0,18.0,2.86,1.1,0.59,0.0,0.0,0.2,0.05,Bakery
Sliced Bread (White Toast),0,33.0,270.0,8.4,1.5,1.0,0.5,55.6,400.0,152.0,30.0,,,1.0,0.9,,0.0,0.0,0.18,0.05,Bakery
Bread Sticks with Sesame,0,6.1,379.0,11.7,2.9,1.5,1.3,76.5,410.0,203.0,79.0,,,2.15,1.99,0.42,,0.0,,,Bakery
Bread Sticks (Fayesh),0,8.1,398.0,12.0,7.5,0.9,0.9,70.6,188.0,150.0,85.0,,,3.8,1.5,,,0.0,,,Bakery
Cup Cake,0,26.8,379.0,7.0,18.4,1.2,0.3,46.3,350.0,83.0,58.0,100.0,,0.5,,,53.0,0.0,0.02,0.05,Bakery
Sponge Cake,0,32.0,290.0,7.5,4.2,0.5,0.2,55.6,159.0,90.0,25.0,120.0,,1.19,1.04,,93.0,0.0,0.1,0.12,Bakery
Flaky Pastry,0,22.0,476.0,5.5,34.0,1.1,0.3,37.1,372.0,201.0,90.0,200.0,14.0,1.05,0.8,0.2,,0.0,,,Bakery
Date Pie (School),0,21.0,361.0,9.5,10.9,1.2,1.3,56.1,285.0,297.0,59.0,,,2.11,0.18,,32.0,8.0,,,Bakery
Chufa Tuber (Hab-Alaziz),0,5.3,413.0,5.7,16.2,2.4,9.3,61.1,51.0,,27.0,,,5.8,2.19,,0.0,0.0,,,Nuts & Seeds
"Chufa Tuber, Wet",0,35.6,278.0,4.0,9.3,1.5,5.0,44.6,,,,,,3.5,1.32,,0.0,0.0,,,Nuts & Seeds
Colocasia,23,79.1,77.0,2.1,0.2,1.2,0.8,16.6,14.0,495.0,62.0,60.0,13.0,1.0,0.5,0.08,11.0,6.0,0.15,0.05,Vegetables
"Colocasia, Cooked",0,81.0,91.0,2.5,4.4,1.5,0.3,10.3,375.0,340.0,58.0,64.0,,1.0,0.32,,,,,,Vegetables
Potatoes,11,80.5,73.0,1.6,0.1,0.8,0.6,16.4,8.0,420.0,7.0,46.0,16.0,0.6,0.32,0.15,2.0,18.0,0.09,0.04,Vegetables
Potato Chips,0,1.5,557.0,5.5,37.5,4.5,1.6,49.4,654.0,1100.0,37.0,149.0,53.0,1.7,0.9,0.25,,0.0,0.21,0.05,Snacks
Fried Potatoes,0,45.2,281.0,4.1,14.5,1.8,1.0,33.4,290.0,627.0,13.0,,,1.2,0.3,,,,,,Vegetables
Mashed Potatoes with Milk,0,81.0,80.0,2.2,1.9,0.9,0.4,13.6,317.0,321.0,48.0,54.0,,0.65,0.56,,,,,,Vegetables
Mashed Potatoes with Meat/Egg,0,76.7,121.0,6.0,7.0,1.4,0.5,8.4,377.0,422.0,26.0,78.0,,0.5,,,,,,,Vegetables
Sweet Potatoes,19,70.5,112.0,1.8,0.3,1.0,0.9,25.5,13.0,398.0,39.0,40.0,25.0,0.8,0.3,0.14,570.0,24.0,0.11,0.06,Vegetables
Broad Beans,0,10.3,326.0,24.1,1.5,3.2,6.9,54.0,35.0,724.0,85.0,386.0,148.0,5.8,3.14,0.29,9.0,5.0,0.48,0.28,Legumes
Decorticated Broad Beans,0,10.4,346.0,25.9,2.0,2.7,2.8,56.2,39.0,640.0,92.0,359.0,126.0,4.8,2.9,0.18,13.0,2.0,0.41,0.13,Legumes
"Broad Beans (Foul), Canned",0,70.0,132.0,6.1,5.0,1.1,2.1,15.7,333.0,275.0,44.0,175.0,49.0,2.7,0.9,,,0.0,0.12,0.08,Legumes
Kidney Beans (Red),0,11.6,323.0,23.1,1.3,3.4,5.8,54.8,20.0,1309.0,120.0,374.0,136.0,6.5,2.01,,,3.0,0.62,0.21,Legumes
Kidney Beans (White),0,10.8,333.0,22.1,1.4,3.5,4.2,58.0,36.0,1270.0,148.0,415.0,142.0,7.2,3.4,0.78,0.0,2.0,0.58,0.26,Legumes
"White Kidney Beans, Cooked",0,66.0,134.0,8.9,2.4,1.5,1.9,19.3,324.0,504.0,57.0,139.0,,2.5,1.13,,,,,,Legumes
White Kidney Beans with Meat,0,65.6,152.0,11.4,5.6,1.4,2.0,14.0,371.0,566.0,59.0,167.0,,2.96,1.41,,,,,,Legumes
Mung Beans,0,7.2,352.0,21.4,2.0,3.3,4.0,62.1,32.0,1354.0,168.0,293.0,98.0,5.0,2.9,,12.0,4.0,0.27,0.19,Legumes
Chickpeas,0,8.6,352.0,20.3,4.2,3.3,5.3,58.3,50.0,962.0,127.0,352.0,122.0,6.7,4.7,1.25,10.0,4.0,0.41,0.29,Legumes
Chickpeas (Homos Sham),0,64.2,138.0,7.0,1.6,1.2,2.1,23.9,405.0,380.0,48.0,151.0,43.0,2.5,1.82,0.47,,0.0,0.12,0.29,Legumes
Yellow Chickpeas,0,10.5,354.0,19.6,4.4,3.1,3.4,59.0,34.0,855.0,155.0,430.0,130.0,5.8,3.4,1.3,19.0,2.0,0.48,0.21,Legumes
Dry Cowpeas,0,11.3,330.0,23.0,1.2,3.1,4.7,56.7,30.0,1217.0,104.0,347.0,136.0,6.8,3.22,0.46,3.0,2.0,0.75,0.21,Legumes
"Cowpeas, Cooked",0,68.0,131.0,8.5,3.5,1.6,2.0,16.4,343.0,579.0,37.0,96.0,34.0,2.2,1.07,,,,,,Legumes
Fenugreek,0,9.4,356.0,25.6,6.7,3.5,6.5,48.3,93.0,966.0,194.0,365.0,115.0,14.0,4.6,0.4,132.0,4.0,0.27,0.52,Herbs & Spices
Unpeeled Lentils,0,10.0,340.0,22.4,1.1,2.7,3.8,60.0,30.0,725.0,48.0,327.0,86.0,7.3,4.2,0.25,12.0,0.0,0.4,0.22,Legumes
"Unpeeled Lentils, Cooked",0,65.0,151.0,5.8,5.6,2.0,2.3,19.3,440.0,372.0,43.0,164.0,,3.1,1.5,,,,,,Legumes
Peeled Lentils (Yellow),0,11.5,340.0,22.9,0.7,2.3,2.1,60.5,41.0,765.0,50.0,330.0,82.0,6.8,3.2,0.35,15.0,0.0,0.41,0.18,Legumes
"Peeled Lentils with Rice, Cooked",0,68.9,140.0,6.2,5.2,1.4,1.2,17.1,312.0,384.0,12.0,57.0,,1.1,0.8,,,,,,Legumes
Lupines,0,8.0,355.0,9.0,9.0,3.5,11.0,20.5,94.0,605.0,279.0,490.0,189.0,5.82,2.87,0.87,,0.0,0.41,0.48,Legumes
Lupines (Termis),3,70.7,111.0,2.7,2.7,2.0,3.0,12.0,580.0,200.0,89.0,128.0,53.0,1.58,0.8,0.24,,5.0,0.15,0.1,Legumes
Dry Peas,0,10.0,345.0,2.1,2.1,2.5,3.9,59.4,32.0,928.0,82.0,352.0,125.0,5.8,3.15,0.75,34.0,4.0,0.84,0.25,Legumes
Soybeans,0,9.3,426.0,19.9,19.9,4.7,4.3,20.1,21.0,1618.0,305.0,563.0,258.0,7.5,2.0,,0.0,0.0,0.8,0.32,Legumes
Soybean Flour,0,7.5,362.0,3.9,3.9,4.2,2.8,37.1,28.0,1870.0,268.0,424.0,303.0,8.33,1.2,,0.0,0.0,0.83,0.29,Legumes
Almonds,0,4.6,640.0,55.8,55.8,2.7,2.5,16.8,7.0,793.0,215.0,485.0,230.0,4.5,3.2,0.13,21.0,0.0,0.26,0.72,Nuts & Seeds
Dry Coconut,0,3.0,689.0,65.0,65.0,2.0,4.0,20.0,23.0,560.0,20.0,176.0,44.0,2.9,1.5,0.4,0.0,0.0,0.07,0.04,Nuts & Seeds
Hazelnuts,0,5.0,633.0,55.7,55.7,2.6,3.7,14.4,5.0,600.0,180.0,300.0,130.0,3.5,2.0,1.1,24.0,0.0,0.45,0.25,Nuts & Seeds
Peanuts,30,4.6,585.0,44.9,44.9,2.4,2.9,18.8,4.0,670.0,55.0,380.0,180.0,2.5,2.6,0.29,48.0,0.0,0.85,0.14,Nuts & Seeds
Pine Nuts,0,4.6,614.0,30.2,50.2,3.7,1.0,10.3,53.0,888.0,15.0,500.0,240.0,4.9,2.4,1.4,5.0,0.0,1.0,0.22,Nuts & Seeds
Pistachio Nuts,44,5.5,631.0,20.9,54.1,2.6,1.8,15.1,15.0,850.0,122.0,503.0,150.0,6.9,1.9,1.2,54.0,0.0,0.73,0.19,Nuts & Seeds
Salted Pumpkin Seeds,23,4.3,591.0,23.9,48.0,3.5,4.5,15.8,695.0,790.0,55.0,1027.0,,9.5,5.5,,21.0,0.0,0.3,0.39,Nuts & Seeds
Sesame Seeds,0,4.6,600.0,19.0,51.8,4.6,5.5,14.5,65.0,506.0,887.0,515.0,174.0,10.2,8.6,1.23,9.0,0.0,1.1,0.32,Nuts & Seeds
Sesame Butter (Tehina),0,3.0,660.0,20.0,60.0,3.0,4.0,10.0,84.0,205.0,340.0,665.0,44.0,6.1,5.5,0.8,11.0,0.0,0.94,0.26,Nuts & Seeds
Walnuts,0,3.4,695.0,14.7,64.9,1.8,2.2,13.0,5.0,600.0,75.0,390.0,120.0,2.0,2.8,0.3,7.0,5.0,0.35,0.12,Nuts & Seeds
Salted Watermelon Seeds,45,5.5,592.0,34.7,48.0,3.5,3.0,5.3,505.0,,45.0,896.0,,8.0,0.3,,,0.0,0.22,0.16,Nuts & Seeds
Artichokes,52,85.8,45.0,3.5,0.2,1.1,2.0,7.4,32.0,350.0,55.0,96.0,30.0,0.9,0.5,0.03,15.0,11.0,0.07,0.06,Vegetables
Artichoke Salad,0,79.7,89.0,2.7,4.7,2.5,1.4,9.0,314.0,380.0,35.0,90.0,,0.86,0.41,,,,,,Vegetables
Green Broad Beans,68,77.3,79.0,5.7,0.4,1.0,2.4,13.2,6.0,250.0,31.0,119.0,30.0,1.1,0.8,0.3,34.0,27.0,0.22,0.15,Vegetables
Green Beans,12,91.0,30.0,1.8,0.2,0.7,1.1,5.2,8.0,274.0,35.0,45.0,12.0,1.75,0.51,0.24,57.0,18.0,0.09,0.12,Vegetables
"Green Beans, Cooked",0,86.2,61.0,1.9,3.2,1.4,1.1,6.2,390.0,346.0,34.0,33.0,,1.4,0.39,,,,,,Vegetables
Beetroots,15,86.8,45.0,1.5,0.1,1.0,1.1,6.5,70.0,320.0,22.0,35.0,25.0,0.9,0.63,0.07,5.0,8.0,0.02,0.05,Vegetables
Broccoli,20,88.2,38.0,3.5,0.3,1.1,1.5,5.4,35.0,368.0,57.0,80.0,20.0,1.23,0.84,0.09,150.0,95.0,0.1,0.24,Vegetables
Brussels Sprouts,10,85.6,50.0,4.6,0.4,1.2,1.3,6.9,12.0,440.0,43.0,85.0,20.0,0.95,0.79,0.2,75.0,65.0,0.11,0.19,Vegetables
Red Cabbage,10,90.2,31.0,1.6,0.3,1.0,1.5,5.4,31.0,298.0,55.0,,3.0,0.74,0.36,0.05,8.0,54.0,,,Vegetables
White Cabbage,25,91.6,27.0,1.3,0.2,0.7,1.2,5.0,35.0,250.0,40.0,32.0,15.0,0.58,0.3,0.04,5.0,35.0,0.07,0.06,Vegetables
Carrots,5,89.0,36.0,1.2,0.2,0.8,1.0,7.4,62.0,300.0,40.0,42.0,18.0,0.58,0.42,0.06,1871.0,8.0,0.06,0.04,Vegetables
Cauliflower,28,91.5,28.0,2.3,0.3,0.8,1.0,4.1,15.0,304.0,30.0,56.0,20.0,0.5,0.3,0.19,4.0,58.0,0.05,0.06,Vegetables
"Cauliflower, Cooked",0,89.0,49.0,2.0,2.1,0.7,0.8,5.4,420.0,269.0,27.0,,,0.5,0.4,,,,,,Vegetables
"Cauliflower with Meat, Cooked",0,87.0,62.0,3.7,3.1,0.6,0.7,4.9,405.0,313.0,32.0,,,0.77,0.5,,,,,,Vegetables
Celery,33,85.2,52.0,0.9,0.2,1.3,0.7,11.7,74.0,315.0,40.0,48.0,25.0,0.95,0.21,0.02,15.0,7.0,0.04,0.05,Vegetables
Swiss Chard,17,91.2,27.0,2.3,0.4,1.7,0.9,3.5,164.0,505.0,85.0,32.0,57.0,3.05,2.0,0.18,666.0,18.0,0.05,0.14,Vegetables
Green Chickpeas,77,64.0,139.0,4.7,1.3,1.3,1.7,27.0,,,75.0,,,3.5,,,,40.0,0.08,,Vegetables
Chicory,18,91.7,27.0,1.8,0.4,1.2,0.9,4.0,,,140.0,,,2.8,,,,35.0,,,Vegetables
Coriander Leaves,12,88.5,34.0,3.7,0.6,2.0,1.7,3.5,54.0,366.0,182.0,64.0,9.0,3.3,3.3,0.07,470.0,75.0,0.13,0.31,Herbs & Spices
Fresh Cowpeas,8,85.4,50.0,3.5,0.3,0.8,1.6,8.4,5.0,295.0,52.0,86.0,28.0,1.4,0.7,0.25,45.0,25.0,1.05,0.21,Vegetables
Cucumber,10,95.0,16.0,0.7,0.1,0.5,0.6,3.1,5.0,130.0,18.0,31.0,8.0,0.6,0.18,0.07,4.0,9.0,0.4,0.05,Vegetables
Pickled Cucumber,0,90.0,22.0,1.1,0.0,4.0,0.4,4.5,991.0,185.0,21.0,,,0.8,0.21,,,0.0,,,Vegetables
Dill,10,88.9,36.0,2.9,0.5,1.5,1.2,5.0,60.0,305.0,150.0,41.0,20.0,2.1,3.6,0.07,300.0,34.0,0.12,0.38,Herbs & Spices
Black or White Eggplant,16,91.3,28.0,1.7,0.2,0.7,1.2,4.9,7.0,272.0,15.0,25.0,13.0,0.5,0.33,0.07,8.0,6.0,0.04,0.03,Vegetables
Round Eggplant,15,91.0,27.0,1.8,0.1,0.9,1.4,4.8,8.0,270.0,17.0,24.0,12.0,0.38,0.36,0.07,6.0,8.0,0.03,0.05,Vegetables
"Eggplant, Cooked",0,87.0,73.0,1.6,5.3,0.6,0.8,4.7,396.0,229.0,13.0,20.0,,0.34,0.25,,,,,,Vegetables
Fried Eggplant,0,75.1,175.0,1.5,17.0,1.5,1.0,3.9,409.0,257.0,15.0,22.0,,0.33,0.29,,,,,,Vegetables
Fennel,5,88.6,37.0,2.6,0.5,1.4,1.5,5.4,52.0,226.0,52.0,48.0,26.0,1.34,0.15,0.08,,28.0,,,Vegetables
Fenugreek Leaves,30,86.6,45.0,3.5,0.5,1.5,1.4,6.5,68.0,260.0,135.0,47.0,12.0,6.4,4.5,0.07,700.0,60.0,0.12,25.0,Herbs & Spices
Garden Rocket,25,89.9,32.0,2.5,0.5,1.7,1.0,4.4,33.0,257.0,127.0,40.0,13.0,8.3,0.8,0.3,364.0,125.0,0.14,0.21,Vegetables
Garlic Bulb,5,62.3,142.0,5.6,0.3,1.5,1.2,29.7,22.0,515.0,34.0,168.0,30.0,1.6,0.72,0.22,,5.0,0.22,0.07,Vegetables
Grape Leaves,5,76.4,80.0,4.0,0.6,2.0,2.3,14.7,55.0,370.0,394.0,45.0,15.0,2.2,0.3,0.05,1287.0,90.0,0.25,0.1,Vegetables
Pickled Grape Leaves,0,75.4,71.0,7.3,0.6,4.6,3.0,9.1,894.0,,385.0,,,2.0,0.3,,,13.0,,,Vegetables
Jew's Mallow,70,83.9,54.0,5.0,1.0,2.3,1.5,6.3,42.0,380.0,270.0,61.0,17.0,4.2,0.4,0.04,1150.0,80.0,0.5,0.32,Vegetables
Leek Bulb,50,93.9,18.0,1.8,0.3,1.1,0.9,2.0,18.0,270.0,87.0,35.0,15.0,1.2,0.4,0.03,8.0,19.0,0.04,0.11,Vegetables
Iceberg Lettuce,10,95.5,15.0,0.9,0.2,0.6,0.5,2.3,9.0,213.0,12.0,29.0,3.0,1.1,0.15,0.09,12.0,8.0,0.06,0.06,Vegetables
Lettuce Leaves,46,95.0,16.0,1.1,0.3,0.8,0.7,2.1,7.0,125.0,28.0,22.0,10.0,1.0,0.15,0.08,181.0,10.0,0.05,0.07,Vegetables
Mallow,10,83.3,55.0,5.0,0.6,2.3,1.3,7.5,48.0,296.0,258.0,77.0,16.0,4.5,3.6,0.12,1272.0,34.0,0.12,0.16,Vegetables
Mint,53,84.6,52.0,3.7,1.2,1.2,2.8,6.5,2.0,160.0,160.0,74.0,16.0,1.2,0.4,0.14,394.0,26.0,0.09,0.22,Herbs & Spices
Mushrooms,0,90.8,31.0,2.5,0.1,1.0,0.5,5.1,10.0,346.0,6.0,120.0,11.0,0.6,0.72,0.65,0.0,2.0,0.1,0.4,Vegetables
Canned Mushrooms,0,91.6,27.0,3.2,0.1,1.2,0.5,3.4,491.0,228.0,20.0,56.0,16.0,0.45,0.52,0.46,0.0,0.0,0.02,0.25,Vegetables
Okra,20,86.5,47.0,2.0,0.2,1.0,1.0,9.3,11.0,210.0,98.0,74.0,25.0,1.9,0.58,0.16,13.0,20.0,0.1,0.12,Vegetables
"Okra, Cooked",0,85.0,72.0,2.8,3.6,0.7,0.7,7.2,375.0,213.0,59.0,50.0,,1.23,0.38,,,,,,Vegetables
Pickled Black Olives,20,69.5,158.0,1.5,12.0,5.1,1.0,10.9,905.0,137.0,158.0,,,1.5,,,30.0,0.0,,,Vegetables
Pickled Green Olives,20,82.7,88.0,1.0,8.0,4.4,1.0,2.9,899.0,150.0,105.0,,,1.4,,,23.0,0.0,,,Vegetables
Pickled Green Onions,40,86.6,49.0,1.1,0.2,0.5,0.9,10.7,10.0,224.0,125.0,50.0,8.0,1.05,0.07,0.1,60.0,18.0,0.04,0.05,Vegetables
Mature Onion Bulb,8,83.9,60.0,1.2,0.2,0.7,0.7,13.3,13.0,139.0,35.0,56.0,12.0,0.5,0.1,0.15,9.0,7.0,0.03,0.04,Vegetables
Pickled Onions,0,82.5,53.0,0.5,0.2,3.2,1.4,12.2,840.0,66.0,30.0,,,0.1,,,,0.0,,,Vegetables
Parsley,35,84.6,50.0,3.3,0.4,2.2,1.3,8.2,30.0,723.0,210.0,54.0,39.0,6.55,0.185,0.18,1272.0,156.0,0.12,0.32,Herbs & Spices
Green Peas,60,75.3,89.0,6.2,0.4,0.9,2.1,15.1,3.0,286.0,20.0,122.0,19.0,1.7,1.26,0.03,555.0,25.0,0.32,0.18,Vegetables
"Peas and Carrots, Cooked",0,86.0,68.0,4.1,3.0,1.0,1.2,4.7,415.0,260.0,17.0,61.0,,1.1,1.0,,,,,,Vegetables
Green Peppers,15,92.2,24.0,1.3,0.3,0.6,1.5,4.1,25.0,195.0,15.0,25.0,14.0,0.9,0.3,0.1,30.0,110.0,0.06,0.04,Vegetables
Orange/Red/Yellow Peppers,10,90.0,34.0,1.2,0.3,0.7,1.2,6.6,40.0,62.0,5.0,,3.0,0.95,0.21,,,82.0,,,Vegetables
Pumpkin,35,91.8,26.0,1.0,0.1,0.8,1.1,5.2,2.0,310.0,25.0,33.0,15.0,0.7,0.24,0.02,330.0,7.0,0.04,0.06,Vegetables
Purslane,28,90.5,31.0,2.0,0.5,1.5,1.0,4.5,30.0,610.0,95.0,28.0,6.0,3.2,0.1,,606.0,65.0,0.14,0.13,Vegetables
Red Radishes,45,94.0,19.0,1.2,0.1,0.7,0.8,3.2,21.0,246.0,27.0,33.0,17.0,0.99,0.33,0.15,,24.0,0.03,0.04,Vegetables
White Radishes,28,91.6,27.0,1.4,0.1,0.9,1.0,5.0,18.0,292.0,56.0,27.0,12.0,0.8,0.17,0.11,,30.0,0.02,0.04,Vegetables
White Radish Root/Leaves,0,91.0,26.0,2.0,0.4,1.8,1.1,3.7,20.0,320.0,213.0,,,1.8,0.3,,,35.0,,,Vegetables
Spinach,20,92.4,22.0,2.5,0.3,1.7,0.7,2.4,58.0,540.0,92.0,47.0,54.0,4.2,0.4,0.19,1054.0,32.0,0.11,0.19,Vegetables
"Spinach, Cooked",0,88.6,57.0,2.0,3.9,1.1,1.0,3.4,405.0,323.0,55.0,28.0,,2.91,0.28,,,,,,Vegetables
Squash,15,92.8,24.0,1.3,0.2,0.7,0.8,4.2,6.0,200.0,25.0,31.0,12.0,0.5,0.19,0.05,12.0,12.0,0.04,0.09,Vegetables
"Squash, Cooked",0,89.6,55.0,1.9,3.4,0.5,0.3,4.3,389.0,212.0,20.0,29.0,,0.43,0.18,,,,,,Vegetables
Tomatoes,3,94.3,20.0,1.1,0.3,0.6,0.6,3.1,10.0,328.0,15.0,30.0,12.0,0.5,0.2,0.12,95.0,21.0,0.05,0.05,Vegetables
Tomato Ketchup,0,66.7,126.0,1.6,0.6,2.2,0.3,28.6,743.0,597.0,20.0,40.0,22.0,1.2,0.3,0.4,,13.0,0.07,0.04,Other
Tomato Roots,0,78.0,78.0,3.8,0.4,2.5,0.5,14.8,807.0,514.0,25.0,83.0,28.0,3.1,0.51,0.2,285.0,15.0,0.19,0.11,Vegetables
Turnip Roots,23,91.8,27.0,1.2,0.2,0.9,0.7,5.2,48.0,270.0,36.0,33.0,10.0,0.5,0.15,0.05,0.0,30.0,0.04,0.04,Vegetables
Pickled Vegetables,0,89.0,16.0,1.1,0.0,6.5,0.4,3.0,956.0,258.0,150.0,,,0.9,0.09,,,6.0,0.03,0.03,Vegetables
Apples,11,84.5,57.0,0.4,0.2,0.6,0.8,13.5,5.0,125.0,5.0,12.0,6.0,0.3,0.08,0.07,5.0,7.0,0.05,0.03,Fruits
Apricots,10,84.6,58.0,0.9,0.4,0.7,0.7,12.7,3.0,304.0,15.0,25.0,11.0,0.5,0.2,0.1,256.0,12.0,0.04,0.06,Fruits
Dried Apricots,0,24.0,282.0,4.5,0.6,3.1,3.2,64.6,18.0,1615.0,86.0,120.0,40.0,5.0,0.63,0.3,590.0,2.0,0.01,0.18,Fruits
Avocado,30,73.0,165.0,2.2,14.0,1.8,1.5,7.5,3.0,594.0,15.0,,,1.05,0.9,,,12.0,0.12,0.19,Fruits
Bananas,33,75.2,95.0,1.3,0.3,0.9,0.6,21.7,3.0,350.0,10.0,25.0,30.0,0.6,21.0,0.18,28.0,8.0,0.04,0.05,Fruits
Cantaloupe,42,90.8,33.0,0.8,0.1,0.6,0.4,7.3,18.0,280.0,15.0,18.0,20.0,0.5,0.15,0.05,219.0,23.0,0.05,0.04,Fruits
Custard Apple,38,76.5,85.0,2.9,0.5,1.4,1.4,17.3,25.0,436.0,20.0,38.0,44.0,0.77,0.9,0.2,,27.0,0.1,0.06,Fruits
Dates,20,70.0,115.0,0.9,0.2,0.7,0.9,27.3,2.0,300.0,22.0,26.0,18.0,,0.13,0.12,4.0,11.0,0.05,0.06,Fruits
Dried Dates (Agwa),0,18.0,315.0,2.3,0.5,1.7,2.2,75.3,3.0,690.0,62.0,61.0,44.0,3.2,0.4,0.3,10.0,0.0,0.08,0.1,Fruits
Figs,5,80.4,72.0,1.3,0.4,0.6,1.5,15.8,4.0,180.0,62.0,28.0,25.0,1.05,0.22,0.05,27.0,4.0,0.07,0.06,Fruits
Dried Figs,0,20.3,293.0,4.1,1.1,2.2,5.7,66.6,13.0,901.0,130.0,80.0,65.0,3.53,0.9,0.23,,0.0,0.12,0.11,Fruits
Grapefruit,37,88.7,43.0,0.6,0.1,0.4,0.4,9.8,5.0,140.0,15.0,18.0,12.0,0.2,0.12,0.03,2.0,35.0,0.03,0.02,Fruits
Seedless Grapes,0,80.4,77.0,0.6,0.6,0.5,0.7,17.2,5.0,242.0,17.0,22.0,9.0,0.36,0.09,0.12,3.0,5.0,0.07,0.03,Fruits
Guavas,5,81.2,62.0,0.8,0.5,0.6,3.4,13.5,8.0,255.0,23.0,44.0,25.0,0.8,0.46,0.12,20.0,227.0,0.05,0.05,Fruits
Husk Tomatoes,3,79.7,75.0,2.7,0.3,0.8,1.0,15.3,15.0,146.0,27.0,42.0,,0.47,0.52,,7.0,13.0,0.09,0.08,Fruits
Jujube,25,76.0,89.0,1.4,0.2,0.7,1.4,20.3,5.0,280.0,34.0,27.0,,0.8,,,,65.0,,,Fruits
Kiwifruit,12,85.0,54.0,1.9,0.6,0.7,1.6,10.2,3.0,210.0,30.0,,,0.3,0.1,,,95.0,0.01,0.02,Fruits
Lemons,38,91.3,32.0,0.8,0.2,0.4,0.6,6.7,4.0,195.0,32.0,14.0,12.0,0.5,0.15,0.22,4.0,75.0,0.05,0.03,Fruits
Sweet Lemons,36,90.6,37.0,0.6,0.5,0.3,0.4,7.6,6.0,140.0,29.0,20.0,11.0,0.35,0.24,0.23,4.0,36.0,0.03,0.02,Fruits
Lime,42,91.1,33.0,0.6,0.3,0.4,0.7,6.9,5.0,160.0,27.0,22.0,15.0,0.4,0.12,0.21,,50.0,0.04,0.01,Fruits
Loquat,50,87.0,51.0,0.3,0.6,0.4,0.7,11.0,12.0,238.0,15.0,25.0,,0.43,,,250.0,5.0,,,Fruits
Mandarin,31,86.9,48.0,0.7,0.2,0.5,0.9,10.8,7.0,147.0,39.0,22.0,16.0,0.5,0.4,0.04,13.0,26.0,0.09,0.03,Fruits
Mangoes,43,81.8,68.0,0.8,0.3,0.5,1.1,15.5,10.0,200.0,15.0,17.0,8.0,0.5,0.18,0.11,250.0,30.0,0.04,0.04,Fruits
Melons,28,91.5,30.0,0.8,0.2,0.6,0.6,6.3,8.0,270.0,10.0,14.0,8.0,0.4,0.2,0.12,18.0,22.0,0.05,0.03,Fruits
Mulberry,5,79.6,76.0,1.6,0.5,0.8,1.2,16.3,25.0,236.0,55.0,35.0,17.0,1.8,1.3,0.06,3.0,10.0,0.05,0.07,Fruits
Oranges,28,85.5,50.0,1.1,0.3,0.4,0.6,12.1,3.0,181.0,37.0,28.0,7.0,0.3,0.2,0.07,8.0,55.0,0.08,0.04,Fruits
Papaya,25,88.0,44.0,0.6,0.2,0.6,0.6,10.0,5.0,237.0,25.0,18.0,22.0,0.57,0.3,,124.0,59.0,0.03,0.03,Fruits
Peaches,11,86.2,51.0,0.7,0.2,0.5,0.7,11.7,3.0,280.0,15.0,22.0,11.0,0.8,0.2,0.04,43.0,12.0,0.02,0.04,Fruits
Pears,22,83.8,58.0,0.3,0.2,0.7,1.3,13.7,5.0,144.0,10.0,12.0,10.0,0.4,0.14,0.12,2.0,2.0,0.03,0.05,Fruits
Persimmon,30,77.0,85.0,0.9,0.5,1.3,1.0,19.3,4.0,179.0,12.0,22.0,10.0,0.4,0.14,0.11,157.0,12.0,0.05,0.03,Fruits
Pineapple,46,85.7,55.0,0.5,0.2,0.4,0.5,12.7,0.3,219.0,15.0,12.0,16.0,0.55,0.22,0.06,8.0,15.0,0.1,0.05,Fruits
Plums,15,86.8,50.0,0.7,0.2,0.4,0.6,11.3,2.0,260.0,19.0,21.0,11.0,0.6,0.05,0.08,71.0,5.0,0.04,0.03,Fruits
Pomegranate,40,80.7,68.0,0.7,0.4,0.6,2.1,15.5,5.0,280.0,15.0,30.0,8.0,0.3,0.14,0.07,2.0,16.0,0.08,0.06,Fruits
Prickly Pears,45,86.5,31.0,1.0,0.9,0.3,6.5,4.8,5.0,150.0,50.0,35.0,18.0,1.4,0.72,0.24,13.0,18.0,0.03,0.04,Fruits
Dried Prunes,0,22.5,299.0,2.3,0.5,1.0,2.5,71.2,12.0,850.0,41.0,61.0,,2.2,0.5,,145.0,2.0,0.12,0.25,Fruits
Raisins,0,17.0,320.0,2.4,0.3,1.8,1.6,76.9,30.0,740.0,63.0,90.0,34.0,1.64,0.16,0.18,,0.0,0.12,0.09,Fruits
Raspberries,5,83.5,60.0,1.3,0.5,0.7,1.5,12.5,2.0,155.0,30.0,27.0,25.0,1.2,0.35,0.11,,22.0,0.04,0.07,Fruits
Strawberries,7,90.3,34.0,0.8,0.4,0.6,1.2,6.7,2.0,185.0,26.0,24.0,15.0,0.9,0.1,0.11,0.6,40.0,0.04,0.05,Fruits
Sycamore,2,82.0,66.0,0.9,0.3,1.3,0.5,15.0,9.0,183.0,19.0,,,1.7,,,,13.0,0.03,0.09,Fruits
Watermelons,48,92.8,26.0,0.4,0.1,0.4,0.4,5.9,2.0,90.0,6.0,11.0,7.0,0.4,0.4,0.06,6.0,5.0,0.03,0.04,Fruits
Fruit Flavored Candy (Hard),0,1.5,392.0,0.0,0.0,0.5,0.0,98.0,75.0,10.0,,,,,,,0.0,0.0,0.0,0.0,Snacks
Folia Candy,0,2.3,444.0,7.8,12.0,0.9,0.9,76.1,77.0,,19.0,,,0.75,0.74,,20.0,0.0,,,Snacks
Homosia Candy,0,3.5,387.0,6.5,1.7,0.9,0.9,86.5,27.0,405.0,77.0,215.0,,2.3,1.7,,0.9,0.0,0.24,0.1,Snacks
Jellybean Candy,0,12.0,353.0,2.6,0.3,0.2,0.0,84.9,46.0,,,,,,,,0.0,0.0,0.0,0.0,Snacks
Koozassal Candy,0,2.3,387.0,2.4,0.5,1.5,0.0,93.3,33.0,,41.0,,,9.2,0.87,,0.0,0.0,,,Snacks
Malban Candy,0,5.0,382.0,0.8,0.5,0.2,0.0,93.5,40.0,,9.0,,,0.05,0.0,,0.0,0.0,0.0,0.0,Snacks
Nogha Candy with Nuts,0,3.7,397.0,7.7,3.3,1.1,0.0,84.2,66.0,,90.0,,,1.6,1.5,,,0.0,0.0,0.0,Snacks
Semsemia Candy,0,1.9,443.0,6.0,12.0,1.1,1.3,77.7,16.0,,177.0,,,2.8,2.1,,5.0,0.0,,,Snacks
Toffee Candy,0,5.0,392.0,4.0,4.0,2.0,0.0,85.0,178.0,122.0,105.0,,,0.3,0.2,,,0.0,0.0,0.0,Snacks
Chewing Gum,0,,320.0,,,,,80.0,,,,,,,,,,,,,Snacks
Milk Chocolate,0,2.5,513.0,8.0,27.0,2.0,1.0,59.5,142.0,373.0,170.0,202.0,45.0,1.4,0.2,,,0.0,0.06,21.0,Snacks
Coconut Chocolate,0,5.3,469.0,4.0,20.0,1.2,1.3,68.2,155.0,300.0,73.0,130.0,40.0,1.2,0.3,,,0.0,0.04,0.1,Snacks
Assalia Candy,0,2.5,387.0,1.6,0.7,1.6,0.0,93.6,30.0,,26.0,,,7.2,0.63,,0.0,0.0,0.2,0.04,Snacks
Chocolate with Nuts,0,2.1,530.0,9.3,30.0,1.9,1.1,55.6,103.0,310.0,132.0,234.0,12.0,1.6,0.6,,,0.0,0.09,0.4,Snacks
Corn Syrup,0,20.5,317.0,,,0.2,,79.3,20.0,3.0,8.0,16.0,,,,,,,,,Sweets & Desserts
Halawa Tehinia,0,2.1,520.0,11.2,27.5,1.0,1.2,57.0,22.0,95.0,42.0,386.0,20.0,3.0,2.2,0.4,,0.0,0.42,0.12,Sweets & Desserts
Halawa Tehinia with Nuts,0,1.8,519.0,12.1,28.0,1.5,2.0,54.6,48.0,,76.0,,,3.2,,,,0.0,,,Sweets & Desserts
Honey,0,17.4,329.0,0.3,,0.3,,82.0,6.0,50.0,11.0,10.0,4.0,0.6,0.08,0.04,,3.0,0.02,0.05,Sweets & Desserts
Jams,0,28.8,283.0,0.7,0.1,0.4,0.3,69.7,14.0,95.0,16.0,10.0,9.0,1.2,0.03,0.2,,9.0,0.02,0.04,Sweets & Desserts
Jelly Powder,0,1.8,390.0,10.0,,0.8,,87.4,325.0,,,,,,,,,,,,Sweets & Desserts
Molasses,0,26.0,280.0,0.0,0.0,4.0,0.0,70.0,88.0,1400.0,29.0,,,5.71,0.68,1.8,0.0,0.0,0.07,0.13,Sweets & Desserts
Sugar (Sucrose),0,0.5,398.0,0.0,0.0,0.0,0.0,99.5,,,,,,,,,,,,,Sweets & Desserts
Sugar (Fructose),0,1.0,396.0,,,0.1,,98.9,,,,,,,,,,,,,Sweets & Desserts
Sweeteners,0,1.5,399.0,0.0,0.9,0.0,0.0,97.6,,,,,,,,,,,,,Sweets & Desserts
Chocolate Topping,0,24.2,400.0,1.9,20.7,1.7,0.0,51.5,,180.0,,,,,,,,,,,Sweets & Desserts
Beef Basterma,0,47.2,201.0,28.6,5.8,8.3,1.5,8.5,2200.0,285.0,105.0,318.0,36.0,6.9,7.5,0.72,13.0,0.0,0.15,0.27,Meat
Beef Basterma Meat,0,58.6,29.9,4.0,7.5,0.0,0.0,1500.0,212.0,45.0,,270.0,29.0,4.0,7.1,0.15,,0.0,,,Meat
Beef Brain,0,79.3,121.0,10.4,8.5,1.2,0.0,0.6,122.0,255.0,10.0,374.0,15.0,1.4,1.2,0.24,83.0,12.0,0.18,0.24,Meat
Fried Beef Brain,0,53.0,251.0,13.7,13.9,1.7,0.0,17.7,665.0,273.0,87.0,,,1.52,1.09,0.3,,,,,Meat
Beef Burger,0,59.4,256.0,18.0,20.0,1.6,0.0,1.0,613.0,276.0,75.0,166.0,19.0,2.8,3.5,0.24,,0.0,0.05,0.18,Meat
Grilled Beef Burger,0,55.3,263.0,21.1,19.0,2.6,0.0,0.0,750.0,150.0,31.0,,,3.1,4.0,,,0.0,,,Meat
Beef Frankfurter,0,60.0,22415.2,16.1,3.1,14.6,1052.0,230.0,68.0,127.0,74.0,2.5,3.7,0.07,,0.0,0.16,0.2,,,Meat
Beef Head,73,64.0,212.0,20.2,14.5,1.2,0.0,0.1,,,,,,,,,,,,,Meat
Boiled Beef Head Meat,0,57.4,239.0,25.1,15.2,1.9,0.0,0.4,,,,,,5.5,4.4,0.28,,,,,Meat
Beef Heart,0,76.5,112.0,16.5,4.3,1.0,0.0,1.7,90.0,310.0,12.0,288.0,17.0,4.6,2.0,0.41,5.0,5.0,0.32,0.92,Meat
Beef Kidneys,0,75.9,121.0,16.5,5.8,1.0,0.0,0.8,184.0,215.0,10.0,234.0,12.0,5.8,1.8,0.51,266.0,10.0,0.27,1.8,Meat
Beef Knuckle,65,71.0,137.0,23.0,5.0,1.0,0.0,0.0,62.0,134.0,,,,0.4,1.6,,,,,,Meat
Beef Liver,0,70.5,132.0,19.5,4.0,1.6,0.0,4.4,88.0,303.0,10.0,352.0,14.0,7.8,7.7,0.8,12121.0,25.0,0.26,3.1,Meat
Beef Luncheon,0,66.3,155.0,16.3,7.5,3.1,1.2,5.6,1250.0,222.0,25.0,200.0,17.0,2.6,4.0,0.1,,0.0,0.25,0.24,Meat
Beef Lung,0,79.5,88.0,17.1,2.2,1.2,0.0,0.0,50.0,218.0,10.0,204.0,12.0,5.8,2.4,0.04,46.0,0.0,0.07,0.28,Meat
Beef Meat,0,67.4,186.0,19.6,11.9,1.1,0.0,0.0,72.0,375.0,15.0,171.0,22.0,3.4,4.8,0.1,5.0,0.0,0.07,0.11,Meat
Beef Meat Round,0,65.0,216.0,118.0,16.0,1.0,0.0,0.0,69.0,210.0,14.0,180.0,17.0,2.7,4.0,0.11,,0.0,,,Meat
"Beef Meat (Kubeba, Fried)",0,48.2,237.0,11.5,8.8,2.8,0.7,28.0,628.0,290.0,9.0,,17.0,2.5,1.8,0.14,,,,,Meat
Beef Meat (Brown Sauce),0,72.1,159.0,14.0,11.0,1.7,0.3,0.9,412.0,315.0,20.0,155.0,,1.6,2.2,,,,,,Meat
Corned Beef Meat (Canned),0,60.0,213.0,24.8,11.8,1.5,0.0,1.9,880.0,152.0,12.0,150.0,17.0,3.3,4.5,0.26,,0.0,0.02,0.18,Meat
Beef Sausage,0,50.0,312.0,15.0,24.0,2.0,0.0,9.0,810.0,175.0,35.0,172.0,16.0,1.4,1.6,0.16,,0.0,0.05,0.11,Meat
Grilled Beef Sausage,0,48.0,291.0,17.0,18.5,2.5,0.0,14.0,1090.0,180.0,45.0,210.0,17.0,1.8,1.7,0.26,,,,,Meat
Beef Spleen,0,77.0,97.0,18.0,2.1,1.4,0.0,1.5,108.0,415.0,9.0,218.0,11.0,10.6,2.4,0.12,,,0.12,0.34,Meat
Beef Tongue,0,67.0,201.0,16.8,14.6,1.0,0.0,0.6,88.0,304.0,10.0,174.0,12.0,4.6,3.1,0.05,,0.0,0.12,0.28,Meat
Boiled Beef Tongue,11,52.0,298.0,23.4,22.1,1.2,0.0,1.3,124.0,131.0,25.0,201.0,16.0,3.0,2.0,,,,,,Meat
Buffalo Meat,0,65.4,210.0,18.8,15.0,0.8,0.0,0.0,63.0,370.0,25.0,180.0,30.0,4.2,3.6,0.24,,0.0,0.21,0.35,Meat
Camel Liver,0,68.0,143.0,20.7,4.4,1.7,0.0,5.2,37.0,150.0,35.0,,13.0,7.0,2.2,0.9,,,,,Meat
Camel Meat,0,76.2,108.0,19.0,3.6,1.2,0.0,0.0,187.0,347.0,15.0,160.0,12.0,7.8,8.2,1.22,8.0,0.0,0.38,0.76,Meat
Chicken Frankfurter,0,59.5,221.0,18.1,15.0,3.0,1.1,3.3,995.0,258.0,18.0,164.0,,1.75,1.87,,,,,,Poultry
Chicken Gizzard,0,75.0,106.0,20.5,2.3,1.5,0.0,0.7,65.0,240.0,10.0,105.0,,2.9,,,,,0.02,0.2,Poultry
Chicken Liver,0,73.6,122.0,17.6,4.6,1.7,0.0,2.5,45.0,166.0,20.0,240.0,13.0,10.5,3.5,0.5,7500.0,20.0,0.35,2.8,Poultry
Chicken Luncheon,0,67.5,144.0,18.0,5.5,2.2,1.5,5.5,1003.0,300.0,20.0,,,1.06,0.91,,,0.0,,,Poultry
Boiled Chicken,30,65.2,193.0,21.6,11.7,1.2,0.0,0.3,91.0,206.0,14.0,190.0,26.0,2.3,2.1,,,,,,Poultry
Fried Chicken,0,46.8,316.0,22.4,22.2,2.0,0.0,6.6,540.0,348.0,15.0,,,1.23,1.37,,,,,,Poultry
Grilled Chicken,40,63.0,213.0,21.2,13.8,1.1,0.0,0.9,86.0,311.0,16.0,180.0,25.0,2.0,2.2,,,,,,Poultry
Chicken Meat (Dark),0,75.1,121.0,19.0,5.0,0.9,0.0,0.0,67.0,250.0,12.0,186.0,17.0,1.6,2.12,,,0.0,,,Poultry
Chicken Meat (Light),0,75.6,109.0,20.5,3.0,0.9,0.0,0.0,58.0,330.0,11.0,214.0,19.0,1.1,0.69,,,0.0,,,Poultry
Chicken Meat and Skin,36,65.6,214.0,17.4,16.0,1.0,0.0,0.0,77.0,340.0,11.0,194.0,20.0,1.6,2.0,0.15,22.0,0.0,0.13,0.18,Poultry
Duck Meat and Skin,32,55.2,315.0,15.4,28.2,1.2,0.0,0.0,90.0,312.0,12.0,194.0,18.0,2.4,2.9,0.35,,0.0,0.08,0.25,Poultry
Goat Meat,0,70.3,165.0,18.4,10.2,1.1,0.0,0.0,53.0,286.0,12.0,150.0,14.0,2.3,2.4,0.08,,0.0,0.18,0.26,Meat
Goose Meat and Skin,30,51.5,346.0,16.0,31.3,1.2,0.0,0.0,80.0,440.0,18.0,190.0,25.0,1.5,1.7,0.26,21.0,0.0,0.08,0.25,Poultry
Lamb Kidneys,0,78.0,109.0,16.0,5.0,1.0,0.0,0.0,168.0,217.0,10.0,245.0,12.0,8.4,2.5,0.42,100.0,8.0,,,Meat
Lamb Liver,0,70.7,126.0,19.9,2.8,1.4,0.0,5.2,63.0,257.0,4.0,354.0,12.0,9.4,3.99,1.4,12000.0,10.0,,,Meat
Lamb Meat,0,62.2,249.0,16.5,20.3,1.0,0.0,0.0,65.0,300.0,15.0,163.0,15.0,2.5,2.7,0.6,9.0,0.0,0.12,0.19,Meat
Pigeon Meat and Skin,25,59.6,251.0,20.0,19.0,1.4,0.0,0.0,58.0,275.0,27.0,276.0,20.0,2.2,2.4,0.31,,0.0,0.1,0.18,Poultry
Pork Meat,0,51.1,354.0,15.9,32.3,0.7,0.0,0.0,62.0,315.0,10.0,172.0,16.0,1.9,1.8,0.12,,0.0,0.65,0.18,Meat
Rabbit Meat,36,72.4,133.0,20.7,5.6,1.3,0.0,0.0,72.0,345.0,15.0,234.0,30.0,1.6,1.6,0.22,5.0,0.0,0.08,0.16,Meat
Turkey Frankfurter,0,61.5,187.0,19.0,9.9,3.0,1.1,5.5,1009.0,274.0,73.0,,20.0,1.15,1.23,0.07,,0.0,,,Poultry
Turkey Luncheon,0,68.0,129.0,20.0,3.5,3.0,1.1,4.4,996.0,315.0,87.0,,34.0,0.96,1.33,,,0.0,,,Poultry
Turkey Meat and Skin,30,70.4,151.0,21.0,7.4,1.2,0.0,0.0,70.0,321.0,15.0,220.0,20.0,0.99,1.6,0.18,,0.0,0.11,0.12,Poultry
Veal Meat,0,75.1,123.0,18.7,5.4,0.8,0.0,0.0,103.0,372.0,10.0,253.0,27.0,2.0,2.6,0.03,3.0,0.0,0.1,0.2,Meat
Whole Chicken Egg,12,75.2,149.0,12.6,10.8,1.1,0.0,0.3,155.0,130.0,62.0,218.0,15.0,2.5,1.5,0.14,128.0,0.0,0.14,0.36,Eggs
Chicken Egg White,0,88.0,46.0,11.0,0.1,0.7,0.0,0.2,172.0,133.0,10.0,22.0,10.0,0.15,0.03,0.04,0.0,0.0,0.02,0.21,Eggs
Chicken Egg Yolk,0,50.4,343.0,16.5,30.2,1.7,0.0,1.2,44.0,89.0,150.0,586.0,18.0,5.0,4.0,0.02,384.0,0.0,0.28,0.55,Eggs
Whole Duck Egg,10,71.2,177.0,13.5,13.3,1.3,0.0,0.7,115.0,233.0,58.0,217.0,18.0,3.5,1.4,0.03,178.0,0.0,0.14,0.36,Eggs
Bream,49,76.5,100.0,19.4,2.4,1.4,0.0,0.3,55.0,180.0,127.0,101.0,55.0,1.21,0.4,0.21,21.0,0.0,0.02,0.14,Seafood
Golden Bream,32,79.4,79.0,17.6,1.0,2.0,0.0,0.0,64.0,215.0,128.0,186.0,33.0,0.94,1.0,0.18,18.0,0.0,0.16,0.15,Seafood
Catfish (Bayad),36,77.4,102.0,18.7,3.0,0.9,0.0,0.0,62.0,155.0,116.0,318.0,60.0,1.05,0.6,0.23,13.0,2.0,0.1,0.21,Seafood
River Catfish,57,80.5,81.0,16.4,1.5,1.1,0.0,0.5,92.0,174.0,75.0,177.0,43.0,1.02,0.8,0.24,17.0,0.0,0.05,0.2,Seafood
Scaled Catfish,42,75.8,112.0,18.1,4.0,1.3,0.0,0.8,90.0,158.0,103.0,340.0,58.0,1.01,1.1,0.24,10.0,2.0,0.11,0.12,Seafood
Salted Catfish,35,60.8,152.0,21.7,7.0,10.0,0.0,0.5,2210.0,188.0,132.0,350.0,64.0,1.15,0.8,0.24,15.0,0.0,0.06,0.11,Seafood
Crab,83,77.0,96.0,18.0,1.5,0.9,0.0,2.6,85.0,209.0,53.0,225.0,,1.5,4.5,,,,0.05,0.1,Seafood
Eel Fish,50,70.0,166.0,19.0,10.0,1.0,0.0,0.0,70.0,220.0,30.0,210.0,,0.8,0.5,,,,0.2,0.25,Seafood
Fried Fish Finger,0,52.0,252.0,12.0,13.4,1.7,0.0,20.9,490.0,275.0,74.0,222.0,,1.01,0.4,0.04,,,0.09,0.07,Seafood
Smoked Herring,35,62.0,200.0,20.0,12.9,4.2,0.0,0.9,1056.0,257.0,66.0,254.0,43.0,1.53,1.2,0.2,15.0,0.0,0.02,0.12,Seafood
Lizard Fish,49,76.8,95.0,19.4,1.5,1.4,0.0,0.9,66.0,243.0,181.0,227.0,24.0,0.83,1.2,0.16,0.0,0.0,0.14,0.16,Seafood
Fried Lizard Fish,20,53.0,248.0,23.3,14.4,2.9,0.0,6.5,475.0,250.0,128.0,292.0,45.0,0.9,1.2,0.18,0.0,0.0,0.08,0.01,Seafood
Canned Mackerel,0,62.7,215.0,20.0,15.0,2.2,0.0,0.1,152.0,349.0,10.0,283.0,29.0,1.93,0.61,0.05,38.0,0.0,0.09,0.29,Seafood
Mullet,47,73.4,133.0,19.0,6.3,1.3,0.0,0.0,88.0,280.0,21.0,208.0,18.0,1.3,1.53,0.19,24.0,1.0,0.07,0.15,Seafood
Grilled Mullet,42,69.1,151.0,21.5,6.7,1.5,0.0,1.2,100.0,195.0,37.0,209.0,30.0,1.2,0.9,0.21,31.0,0.0,0.05,0.09,Seafood
Salted Mullet,40,62.8,154.0,20.8,7.8,8.5,0.0,0.1,1805.0,200.0,38.0,205.0,25.0,1.21,1.0,0.2,14.0,0.0,0.05,0.12,Seafood
Sardines,44,70.6,156.0,19.2,8.8,1.4,0.0,0.0,91.0,212.0,34.0,210.0,20.0,0.92,0.8,0.16,13.0,0.0,0.11,0.08,Seafood
Canned Sardines,10,58.8,227.0,22.0,15.4,3.7,0.0,0.1,630.0,257.0,320.0,354.0,28.0,3.0,2.9,0.19,15.0,0.0,0.04,0.25,Seafood
Grilled Sardine,40,64.1,180.0,22.5,9.2,2.5,0.0,1.7,107.0,220.0,86.0,220.0,36.0,1.0,0.9,0.18,16.0,0.0,0.07,0.07,Seafood
Salted Sardine,34,56.6,218.0,23.3,13.5,5.8,0.0,0.8,1440.0,307.0,45.0,383.0,30.0,1.23,1.2,0.18,15.0,0.0,0.06,0.06,Seafood
Shrimp,65,77.8,88.0,19.5,0.9,1.3,0.0,0.5,125.0,205.0,57.0,152.0,40.0,1.41,2.08,0.06,15.0,0.0,0.02,0.1,Seafood
Boiled Shrimp,0,70.4,116.0,25.0,1.1,2.0,0.0,1.5,77.0,250.0,65.0,,,1.42,2.9,0.11,20.0,0.0,0.04,0.09,Seafood
Sole,42,78.5,88.0,18.0,1.6,1.6,0.0,0.3,85.0,210.0,15.0,158.0,38.0,0.9,1.0,0.05,27.0,0.0,0.11,0.18,Seafood
Fried Sole,33,50.5,262.0,21.5,15.2,3.0,0.0,9.8,229.0,225.0,16.0,,,1.1,1.5,0.12,31.0,0.0,0.06,0.1,Seafood
Tilapia,44,77.8,94.0,19.0,2.0,1.2,0.0,0.0,85.0,280.0,92.0,197.0,32.0,1.9,0.8,0.05,25.0,0.0,0.08,0.15,Seafood
Fried Tilapia,29,58.4,233.0,20.0,15.0,2.2,0.0,4.4,364.0,116.0,72.0,,,1.2,1.0,,,,,,Seafood
Grilled Tilapia,25,71.1,121.0,22.5,2.6,2.0,0.0,1.9,95.0,205.0,,129.0,,1.1,0.9,0.18,25.0,0.0,0.05,0.09,Seafood
Canned Tuna,0,54.2,267.0,24.6,18.5,2.3,0.0,0.4,450.0,285.0,10.0,189.0,31.0,2.75,0.4,0.2,28.0,0.0,0.04,0.1,Seafood
Butter (Unsalted),0,16.7,742.0,0.7,82.0,0.3,0.0,0.3,10.0,25.0,15.0,23.0,2.0,0.16,0.15,0.02,727.0,0.0,,,Oils & Fats
Butter Oil (Ghee),0,0.3,896.0,0.2,99.5,0.0,0.0,0.0,0.0,0.0,0.0,0.0,0.0,0.0,0.0,0.0,833.0,0.0,0.0,0.0,Oils & Fats
Camembert Cheese,0,50.5,301.0,20.0,23.9,4.1,0.0,1.5,1019.0,112.0,400.0,287.0,18.0,0.65,3.4,0.09,280.0,0.0,0.03,0.69,Dairy
Cheddar Cheese,0,35.8,406.0,26.0,32.9,3.8,0.0,1.5,725.0,90.0,724.0,512.0,42.0,0.95,3.0,0.03,305.0,0.0,0.04,0.46,Dairy
Gouda Cheese,0,41.0,371.0,24.5,30.0,3.7,0.0,0.8,646.0,160.0,765.0,570.0,,0.3,3.5,,250.0,0.0,,,Dairy
Kareesh Cheese,0,77.5,100.0,13.0,3.5,1.9,0.0,4.1,130.0,95.0,300.0,161.0,23.0,0.41,2.4,0.04,12.0,0.0,0.03,0.19,Dairy
Low Fat Kareesh Cheese,0,76.5,91.0,19.0,0.5,1.3,0.0,2.7,145.0,115.0,388.0,174.0,28.0,0.33,2.0,0.04,0.0,0.0,0.02,0.24,Dairy
Kareesh Cheese (Mish),0,72.8,93.0,14.0,3.0,7.8,0.0,2.4,4500.0,118.0,360.0,276.0,32.0,0.5,1.44,0.05,0.0,0.0,0.1,0.32,Dairy
Mozzarella Cheese,0,52.3,265.0,27.0,16.5,2.0,0.0,2.2,555.0,35.0,724.0,,,0.4,2.6,,,,,,Dairy
Parmesan Cheese,0,29.5,399.0,35.0,27.5,5.1,0.0,2.9,982.0,144.0,1016.0,715.0,,0.4,3.54,0.05,356.0,0.0,0.04,0.52,Dairy
Processed Cheese,0,46.9,324.0,19.0,25.0,3.4,0.0,5.7,1160.0,93.0,710.0,542.0,30.0,0.5,2.4,0.09,205.0,0.0,0.03,0.26,Dairy
Cheese Spread,0,51.5,289.0,15.9,22.9,4.9,0.0,4.8,1027.0,190.0,420.0,480.0,25.0,0.3,2.1,,150.0,0.0,0.05,0.36,Dairy
White Cheese,0,53.4,256.0,16.3,19.8,7.3,0.0,3.2,2769.0,115.0,456.0,273.0,45.0,0.2,1.9,0.07,166.0,0.0,0.08,0.37,Dairy
"White Cheese, Half Cream",0,69.5,151.0,13.0,8.9,4.0,0.0,4.6,805.0,146.0,357.0,175.0,32.0,0.25,1.4,0.08,95.0,0.0,0.1,0.35,Dairy
Roquefort Cheese,0,40.5,361.0,22.3,29.0,5.5,0.0,2.7,1390.0,207.0,415.0,385.0,36.0,0.8,2.34,0.09,295.0,0.0,0.05,0.4,Dairy
Whipping Cream,0,56.6,353.0,3.0,36.4,0.7,0.0,3.3,40.0,76.0,81.0,25.0,5.0,0.25,0.2,0.08,275.0,0.0,0.02,0.12,Dairy
Fermented Milk,0,87.7,62.0,3.8,3.2,0.8,0.0,4.5,51.0,144.0,122.0,90.0,10.0,0.05,0.31,0.05,38.0,,0.23,1.03,Dairy
Fermented Skim Milk,0,88.4,46.0,4.9,0.8,1.0,0.0,4.9,54.0,150.0,132.0,95.0,13.0,0.05,0.35,0.03,0.0,,0.02,0.12,Dairy
Buffalo Milk,0,82.5,102.0,4.2,7.1,0.8,0.0,5.4,52.0,142.0,180.0,86.0,17.0,0.2,0.22,0.01,22.0,3.0,0.1,0.35,Dairy
Cow Milk,0,87.8,64.0,3.3,3.7,0.8,0.0,4.4,54.0,149.0,123.0,87.0,17.0,0.05,0.3,0.02,35.0,0.0,0.04,0.19,Dairy
Chocolate Milk,0,81.2,80.0,3.2,1.7,1.0,0.0,12.9,64.0,131.0,122.0,87.0,18.0,0.31,0.41,0.8,24.0,0.0,0.04,0.16,Dairy
Full Cream Milk,0,87.8,64.0,3.3,3.5,0.7,0.0,4.7,48.0,142.0,120.0,92.0,15.0,0.06,0.4,0.01,37.0,0.0,0.04,0.17,Dairy
Fruit Milk,0,82.0,76.0,3.2,1.7,1.1,0.0,12.0,59.0,175.0,125.0,80.0,17.0,0.04,0.41,0.04,22.0,2.0,0.07,0.19,Dairy
Half Cream Milk,0,89.1,48.0,3.4,1.5,0.9,0.0,5.1,52.0,153.0,128.0,88.0,17.0,0.05,0.4,0.02,23.0,0.0,0.08,0.2,Dairy
Low Fat Skimmed Milk,0,89.6,41.0,3.5,0.6,1.0,0.0,5.3,50.0,143.0,126.0,95.0,16.0,0.05,0.4,0.03,0.0,0.0,0.1,0.21,Dairy
Skim Milk Powder,0,5.0,362.0,37.0,1.5,6.5,0.0,50.0,462.0,1201.0,1045.0,803.0,95.0,0.45,4.3,,0.0,5.0,0.45,2.1,Dairy
Whole Milk Powder,0,2.7,497.0,26.7,26.2,5.7,0.0,38.7,350.0,1450.0,930.0,850.0,105.0,0.4,3.53,0.2,353.0,10.0,0.4,1.4,Dairy
Yoghurt,0,87.0,64.0,3.4,3.2,0.9,0.0,5.5,62.0,180.0,168.0,101.0,16.0,0.2,0.2,0.02,30.0,,0.06,0.18,Dairy
Low Fat Yoghurt,0,87.5,50.0,4.0,0.9,1.2,0.0,6.4,60.0,185.0,170.0,105.0,14.0,0.2,0.22,0.01,0.0,,0.07,0.19,Dairy
Fruit Yoghurt,0,82.5,68.0,3.0,1.2,1.2,0.9,11.2,85.0,199.0,162.0,140.0,15.0,0.25,0.7,0.07,9.0,3.0,0.08,0.23,Dairy
Non-Alcoholic Beer,0,95.8,16.0,0.2,,0.2,,3.8,8.0,25.0,2.0,19.0,,0.03,,,0.0,0.0,,,Beverages
Carbonated Barley Drink,0,89.4,42.0,,,0.1,,10.5,2.0,25.0,12.0,10.0,,0.03,,,0.0,0.0,,,Beverages
Carbonated Soft Drink,0,89.2,42.0,,,0.2,,10.6,7.0,2.0,3.0,15.0,,,,,0.0,0.0,,,Beverages
Diet Carbonated Soft Drink,0,99.7,1.0,,,0.1,,0.2,4.0,3.0,,,,,,,0.0,0.0,,,Beverages
Carbonated Tonic Water,0,89.7,40.0,,,0.3,,10.0,8.0,,,,,,,,0.0,0.0,,,Beverages
Instant Chocolate Drink,0,2.0,412.0,6.2,6.0,1.5,0.9,83.4,280.0,408.0,29.0,,,2.4,1.8,1.1,,0.0,0.06,0.04,Beverages
Instant Coffee Powder Drink,0,2.5,360.0,20.5,0.5,8.2,,68.3,110.0,1205.0,,,,3.29,0.5,0.05,,0.0,,,Beverages
Instant Fruit Powder Drink,0,0.3,392.0,1.1,,1.7,,96.9,183.0,,,,,,,,0.0,100.0,,,Beverages
Instant Tea Powder Drink,0,0.5,396.0,1.0,,0.6,,97.9,44.0,,,,,,,,0.0,0.0,,,Beverages
Apple Juice,0,87.7,48.0,0.1,0.0,0.2,0.0,12.0,3.0,105.0,8.0,10.0,6.0,0.4,0.03,0.4,16.0,4.0,0.02,0.03,Beverages
Sweetened Apple Juice,0,85.8,56.0,0.0,0.0,0.2,0.0,14.0,5.0,100.0,7.0,10.0,6.0,0.3,0.03,0.4,,2.0,0.02,0.02,Beverages
Sweetened Grape Juice,0,83.0,66.0,0.3,0.0,0.5,0.0,16.2,5.0,130.0,15.0,14.0,9.0,0.4,0.03,0.03,5.0,3.0,0.03,0.03,Beverages
Grapefruit Juice,0,89.9,39.0,0.5,0.0,0.3,0.1,9.2,3.0,155.0,7.0,16.0,13.0,0.3,0.4,0.02,,30.0,0.04,0.03,Beverages
Orange Juice,0,88.4,46.0,0.6,0.2,0.3,0.1,10.4,4.0,220.0,10.0,19.0,10.0,0.4,0.3,0.04,3.0,35.0,0.08,0.04,Beverages
Sweetened Orange Juice,0,85.7,56.0,0.1,0.0,0.2,0.0,14.0,3.0,170.0,10.0,45.0,11.0,0.3,0.4,0.05,0.0,20.0,0.08,0.04,Beverages
Peach Juice,0,87.3,47.0,0.5,0.2,0.6,0.5,10.9,3.0,200.0,7.0,20.0,8.0,0.4,0.01,0.02,18.0,5.0,0.02,0.3,Beverages
Pomegranate Juice,0,84.2,62.0,1.0,0.0,0.4,0.0,14.4,5.0,280.0,5.0,30.0,8.0,0.26,0.14,0.2,,8.0,0.04,0.02,Beverages
Sugarcane Juice,0,88.5,45.0,0.0,0.0,0.2,0.0,11.3,,,,,,0.15,,,0.0,2.0,,,Beverages
Tomato Juice,0,93.0,24.0,0.2,0.0,0.9,0.1,5.8,250.0,203.0,9.0,20.0,13.0,0.5,0.2,,42.0,30.0,0.04,0.01,Beverages
Apricot Nectar,0,84.8,59.0,0.5,0.1,0.4,0.2,14.0,4.0,105.0,12.0,18.0,10.0,0.4,0.05,0.05,257.0,5.0,0.04,0.03,Beverages
Fruit Cocktail Nectar,0,84.4,61.0,0.1,0.1,0.4,0.0,15.0,8.0,180.0,12.0,15.0,4.0,0.39,0.06,0.1,94.0,12.0,0.06,0.02,Beverages
Guava Nectar,0,84.5,60.0,0.1,0.0,0.4,0.1,14.9,7.0,75.0,8.0,13.0,5.0,0.3,0.07,0.04,,60.0,,,Beverages
Mango Nectar,0,84.1,62.0,0.2,0.1,0.4,0.1,15.1,9.0,83.0,5.0,3.0,1.0,0.21,0.04,0.06,89.0,15.0,0.01,0.01,Beverages
Cardamom,0,12.6,288.0,12.0,4.3,6.4,143.0,50.4,3.0,30.0,124.0,97.0,54.0,6.0,3.8,1.4,,,2.5,1.13,Herbs & Spices
Cinnamon,0,7.8,263.0,4.0,2.0,4.8,241.0,57.3,15.0,380.0,500.0,42.0,50.0,14.2,2.4,0.32,,,0.08,0.35,Herbs & Spices
Clove,0,8.0,348.0,6.5,8.3,7.0,8.5,61.7,300.0,1200.0,690.0,80.0,250.0,5.4,3.5,0.4,,,0.14,0.26,Herbs & Spices
Coriander Seeds,0,10.6,284.0,13.6,15.7,4.6,33.5,22.0,35.0,1020.0,380.0,408.0,85.0,18.2,8.7,1.2,,,0.18,0.27,Herbs & Spices
Cumin,0,20.4,327.0,18.0,13.3,7.5,7.0,33.8,145.0,2150.0,1025.0,480.0,410.0,37.0,5.0,1.1,,,,,Herbs & Spices
Ginger,0,9.7,338.0,9.0,3.4,7.0,3.0,67.9,30.0,1200.0,120.0,240.0,165.0,10.7,5.1,0.4,,,0.11,0.2,Herbs & Spices
Nutmeg,0,9.8,511.0,7.5,34.7,2.8,3.0,42.2,17.0,400.0,210.0,185.0,172.0,2.1,1.7,1.1,,,,,Herbs & Spices
Black Pepper,0,10.5,343.0,14.7,4.6,4.5,5.1,60.6,20.0,1400.0,360.0,185.0,155.0,12.5,1.4,1.2,,,0.05,0.02,Herbs & Spices
Red Pepper,0,11.8,291.0,15.6,7.7,7.0,18.1,39.8,215.0,1150.0,140.0,230.0,145.0,8.7,3.4,0.5,,,0.2,0.81,Herbs & Spices
Thyme,0,11.6,287.0,12.2,2.9,8.4,11.8,53.1,75.0,1000.0,210.0,180.0,295.0,41.0,5.8,0.7,,,1.8,0.9,Herbs & Spices
Baking Powder,0,2.1,144.0,0.9,,62.0,,35.0,10953.0,170.0,,5404.0,,,,,,,,,Other
Chicken Stock,0,2.0,305.0,7.5,25.0,53.0,0.0,12.5,6073.0,1113.0,3237.0,,,4.2,1.56,,,0.0,,,Other
Cocoa Powder,0,4.5,438.0,17.0,18.9,5.0,4.6,50.0,953.0,1420.0,130.0,650.0,,8.5,6.6,,,,,,Other
Dom Powder,0,4.9,312.0,3.6,1.4,6.3,12.5,71.3,119.0,,,,,6.98,,,,,,,Beverages
Gelatin,0,12.4,345.0,86.0,0.1,1.5,,,,,,,,,,,,,,,Other
Kishk,0,3.4,380.0,21.6,7.2,6.1,4.5,57.2,,,,,,,,,,,,,Other
Mayonnaise,0,14.7,722.0,1.3,77.4,1.5,0.0,5.1,650.0,45.0,20.0,52.0,,0.5,0.4,,80.0,,0.05,0.1,Oils & Fats
Vegetable Oil,0,0.1,899.0,,99.9,,,,,,,,,,,,,,,,Oils & Fats
Salad Dressing,0,41.0,370.0,2.9,29.1,2.3,0.0,21.2,520.0,18.0,27.0,,18.0,9.25,,,,,,,Oils & Fats
Table/Cooking Salt,0,5.0,,,,,,,38900.0,,29.0,,,,,,,,,,Other
Sodium Reduced Salt,0,5.0,,,,,,,18000.0,15500.0,,,,,,,,,,,Other
Tamarind,50,22.5,292.0,3.1,0.4,2.1,3.0,68.9,,,5.0,,,1.0,,,1.0,,,,Fruits
Compressed Yeast,0,77.0,105.0,13.0,0.5,2.4,0.0,12.1,15.0,624.0,10.0,387.0,50.0,4.8,2.7,1.79,1.0,,,,Other
Dried Yeast,0,4.5,357.0,37.0,1.5,8.2,0.0,48.8,85.0,1709.0,65.0,1595.0,200.0,16.3,8.2,3.29,1.0,,,,Other
Cumin,0,8.1,375,17.8,22.3,7.6,10.5,44.2,168,1788,931,499,366,66.4,4.8,0.87,64,7.7,0.63,0.33,Herbs & Spices
Black Pepper,0,12.5,251,10.4,3.3,4.8,25.3,64.8,20,1329,443,158,171,9.7,1.2,1.13,27,21,0.11,0.18,Herbs & Spices

